WKT,name,description
"POLYGON ((-157.796831 21.2570316, -157.7966325 21.2568804, -157.7965239 21.2569791, -157.7967251 21.2570941, -157.796831 21.2570316))",transect1,
"POLYGON ((-157.7967251 21.2570941, -157.7965239 21.2569791, -157.7963951 21.2571503, -157.7965547 21.2572378, -157.7967251 21.2570941))",transect2,
